{"cameraMode":{"drawMode":0,"name":"Shaded","section":"Shading Mode"},"sceneLighting":true,"audioPlay":false,"sceneViewState":{"showFog":true,"showMaterialUpdate":false,"showSkybox":true,"showFlares":true,"showImageEffects":true,"showParticleSystems":true},"in2DMode":false,"pivot":{"x":50.127201080322269,"y":25.981910705566408,"z":-51.372047424316409},"rotation":{"x":0.3210064768791199,"y":-0.09940081834793091,"z":0.03580499440431595,"w":0.9414283633232117},"size":10.0,"orthographic":false}