{"cameraMode":{"drawMode":0,"name":"Shaded","section":"Shading Mode"},"sceneLighting":false,"audioPlay":false,"sceneViewState":{"showFog":true,"showMaterialUpdate":false,"showSkybox":false,"showFlares":true,"showImageEffects":true,"showParticleSystems":true},"in2DMode":false,"pivot":{"x":45.18489456176758,"y":-27.762662887573243,"z":-85.14588165283203},"rotation":{"x":0.047653958201408389,"y":-0.6758240461349487,"z":0.04385673999786377,"w":0.7342234253883362},"size":0.8660253882408142,"orthographic":false}