{"cameraMode":{"drawMode":0,"name":"Shaded","section":"Shading Mode"},"sceneLighting":false,"audioPlay":false,"sceneViewState":{"showFog":true,"showMaterialUpdate":false,"showSkybox":false,"showFlares":true,"showImageEffects":true,"showParticleSystems":true},"in2DMode":false,"pivot":{"x":-0.007493495941162109,"y":0.03639437258243561,"z":-0.3481074571609497},"rotation":{"x":0.03961410000920296,"y":0.7663775086402893,"z":-0.04739493131637573,"w":0.6395387649536133},"size":0.6123724579811096,"orthographic":false}