{"cameraMode":{"drawMode":0,"name":"Shaded","section":"Shading Mode"},"sceneLighting":false,"audioPlay":false,"sceneViewState":{"showFog":true,"showMaterialUpdate":false,"showSkybox":false,"showFlares":true,"showImageEffects":true,"showParticleSystems":true},"in2DMode":false,"pivot":{"x":2.215724229812622,"y":1.194886565208435,"z":-1.7981892824172974},"rotation":{"x":0.10825977474451065,"y":-0.6425758004188538,"z":0.09239063411951065,"w":0.7528954148292542},"size":0.5660282969474793,"orthographic":false}